{"cameraMode":{"drawMode":0,"name":"Shaded","section":"Shading Mode"},"sceneLighting":true,"audioPlay":false,"sceneViewState":{"showFog":true,"showMaterialUpdate":false,"showSkybox":true,"showFlares":true,"showImageEffects":true,"showParticleSystems":true},"in2DMode":false,"pivot":{"x":-0.05731897056102753,"y":-0.3076232075691223,"z":-0.04605473577976227},"rotation":{"x":0.10554534196853638,"y":0.42929011583328249,"z":-0.05058617889881134,"w":0.8955508470535278},"size":15.67184829711914,"orthographic":true}